https://github.com/52North/OpenSensorSearch,,,,,,
https://github.com/52North/OpenSensorSearch,,,,,,
https://github.com/99soft/rocoto,,,,,,
https://github.com/99soft/rocoto,,,,,,
https://github.com/aerogear/aerogear-unified-push-server,,,,,,
https://github.com/aerogear/aerogear-unified-push-server,,,,,,
https://github.com/ageldama/hotwind-hello,,,,,,
https://github.com/ageldama/hotwind-hello,,,,,,
https://github.com/agh-iisg/timeline,,,,,,
https://github.com/agh-iisg/timeline,,,,,,
https://github.com/agwlvssainokuni/cherry,,,,,,
https://github.com/agwlvssainokuni/cherry,,,,,,
https://github.com/akerigan/staxer,,,,,,
https://github.com/akerigan/staxer,,,,,,
https://github.com/akubra/akubra,,,,,,
https://github.com/akubra/akubra,,,,,,
https://github.com/alexcoppo/jautl,,,,,,
https://github.com/alexcoppo/jautl,,,,,,
https://github.com/alexsmirnov/jsf-test,,,,,,
https://github.com/alexsmirnov/jsf-test,,,,,,
https://github.com/alfredas/jwbf,,,,,,
https://github.com/alfredas/jwbf,,,,,,
https://github.com/ampayne2/UltimateGames,,,,,,
https://github.com/ampayne2/UltimateGames,,,,,,
https://github.com/anders88/firstTakesAllSolver,,,,,,
https://github.com/anders88/firstTakesAllSolver,,,,,,
https://github.com/andrea-patricelli/syncope,,,,,,
https://github.com/andrea-patricelli/syncope,,,,,,
https://github.com/andrewswan/power-grid,,,,,,
https://github.com/andrewswan/power-grid,,,,,,
https://github.com/andrewswan/power-grid,,,,,,
https://github.com/andrewswan/power-grid,,,,,,
https://github.com/ansell/any23,,,,,,
https://github.com/ansell/any23,,,,,,
https://github.com/anthavio/hatatitla,,,,,,
https://github.com/anthavio/hatatitla,,,,,,
https://github.com/anthonydahanne/ReGalAndroid,,,,,,
https://github.com/anthonydahanne/ReGalAndroid,,,,,,
https://github.com/AOKP/external_guava,,,,,,
https://github.com/AOKP/external_guava,,,,,,
https://github.com/apache/activemq-apollo,,,,,,
https://github.com/apache/activemq-apollo,,,,,,
https://github.com/apache/activemq-apollo,,,,,,
https://github.com/apache/activemq-apollo,,,,,,
https://github.com/apache/any23,,,,,,
https://github.com/apache/any23,,,,,,
https://github.com/apache/archiva,,,,,,
https://github.com/apache/archiva,,,,,,
https://github.com/apache/bval,,,,,,
https://github.com/apache/bval,,,,,,
https://github.com/apache/camel,,,,,,
https://github.com/apache/camel,,,,,,
https://github.com/apache/camel,,,,,,
https://github.com/apache/camel,,,,,,
https://github.com/apache/chemistry-opencmis,,,,,,
https://github.com/apache/chemistry-opencmis,,,,,,
https://github.com/apache/continuum,,,,,,
https://github.com/apache/continuum,,,,,,
https://github.com/apache/cxf,,,,,,
https://github.com/apache/cxf,,,,,,
https://github.com/apache/felix,,,,,,
https://github.com/apache/felix,,,,,,
https://github.com/apache/hadoop,,,,,,
https://github.com/apache/hadoop,,,,,,
https://github.com/apache/hadoop,,,,,,
https://github.com/apache/hadoop,,,,,,
https://github.com/apache/hadoop,,,,,,
https://github.com/apache/hadoop,,,,,,
https://github.com/apache/httpclient,,,,,,
https://github.com/apache/httpclient,,,,,,
https://github.com/apache/jackrabbit,,,,,,
https://github.com/apache/jackrabbit,,,,,,
https://github.com/apache/jackrabbit,,,,,,
https://github.com/apache/jackrabbit,,,,,,
https://github.com/apache/jsecurity,,,,,,
https://github.com/apache/jsecurity,,,,,,
https://github.com/apache/logging-log4j2,,,,,,
https://github.com/apache/logging-log4j2,,,,,,
https://github.com/apache/manifoldcf,,,,,,
https://github.com/apache/manifoldcf,,,,,,
https://github.com/apache/maven-doxia,,,,,,
https://github.com/apache/maven-doxia,,,,,,
https://github.com/apache/maven-enforcer,,,,,,
https://github.com/apache/maven-enforcer,,,,,,
https://github.com/apache/pluto,,,,,,
https://github.com/apache/pluto,,,,,,
https://github.com/apache/santuario-java,,,,,,
https://github.com/apache/santuario-java,,,,,,
https://github.com/apache/servicemix-maven-plugins,,,,,,
https://github.com/apache/servicemix-maven-plugins,,,,,,
https://github.com/apache/servicemix3,,,,,,
https://github.com/apache/servicemix3,,,,,,
https://github.com/apache/servicemix3,,,,,,
https://github.com/apache/servicemix3,,,,,,
https://github.com/apache/servicemix3,,,,,,
https://github.com/apache/servicemix3,,,,,,
https://github.com/apache/servicemix3,,,,,,
https://github.com/apache/servicemix3,,,,,,
https://github.com/apache/servicemix4-nmr,,,,,,
https://github.com/apache/servicemix4-nmr,,,,,,
https://github.com/apache/shindig,,,,,,
https://github.com/apache/shindig,,,,,,
https://github.com/apache/shiro,,,,,,
https://github.com/apache/shiro,,,,,,
https://github.com/apache/syncope,,,,,,
https://github.com/apache/syncope,,,,,,
https://github.com/apache/tez,,,,,,
https://github.com/apache/tez,,,,,,
https://github.com/apache/webservices-neethi,,,,,,
https://github.com/apache/webservices-neethi,,,,,,
https://github.com/apache/wicket,,,,,,
https://github.com/apache/wicket,,,,,,
https://github.com/apache/wicket,,,,,,
https://github.com/apache/wicket,,,,,,
https://github.com/apache/wicket,,,,,,
https://github.com/apache/wicket,,,,,,
https://github.com/apache/wink,,,,,,
https://github.com/apache/wink,,,,,,
https://github.com/apache/wss4j,,,,,,
https://github.com/apache/wss4j,,,,,,
https://github.com/Ardesco/Powder-Monkey,,,,,,
https://github.com/Ardesco/Powder-Monkey,,,,,,
https://github.com/arteam/airStage,,,,,,
https://github.com/arteam/airStage,,,,,,
https://github.com/Baralga/baralga,,,,,,
https://github.com/Baralga/baralga,,,,,,
https://github.com/bastengao/struts2-freeroute,,,,,,
https://github.com/bastengao/struts2-freeroute,,,,,,
https://github.com/bejean/crawler-commons,,,,,,
https://github.com/bejean/crawler-commons,,,,,,
https://github.com/betterphp/MineBans,,,,,,
https://github.com/betterphp/MineBans,,,,,,
https://github.com/Blazemeter/blazemeter-teamcity-plugin,,,,,,
https://github.com/Blazemeter/blazemeter-teamcity-plugin,,,,,,
https://github.com/blinkawan/FinalProject,,,,,,
https://github.com/blinkawan/FinalProject,,,,,,
https://github.com/bobmcwhirter/drools,,,,,,
https://github.com/bobmcwhirter/drools,,,,,,
https://github.com/bpodgursky/hubris,,,,,,
https://github.com/bpodgursky/hubris,,,,,,
https://github.com/brianm/jdbi,,,,,,
https://github.com/brianm/jdbi,,,,,,
https://github.com/bujiio/buji-quartz,,,,,,
https://github.com/bujiio/buji-quartz,,,,,,
https://github.com/bujiio/buji-spring,,,,,,
https://github.com/bujiio/buji-spring,,,,,,
https://github.com/buschmais/tinkerforge4jenkins,,,,,,
https://github.com/buschmais/tinkerforge4jenkins,,,,,,
https://github.com/c4fcm/CLAVIN-Server,,,,,,
https://github.com/c4fcm/CLAVIN-Server,,,,,,
https://github.com/ccheneau/Holmes,,,,,,
https://github.com/ccheneau/Holmes,,,,,,
https://github.com/cecom/pflist,,,,,,
https://github.com/cecom/pflist,,,,,,
https://github.com/chalstrick/egit,,,,,,
https://github.com/chalstrick/egit,,,,,,
https://github.com/chirino/activemq-apollo,,,,,,
https://github.com/chirino/activemq-apollo,,,,,,
https://github.com/chirino/activemq-apollo,,,,,,
https://github.com/chirino/activemq-apollo,,,,,,
https://github.com/chompi/openrtb2x,,,,,,
https://github.com/chompi/openrtb2x,,,,,,
https://github.com/christophd/citrus,,,,,,
https://github.com/christophd/citrus,,,,,,
https://github.com/cljk/jEISCP,,,,,,
https://github.com/cljk/jEISCP,,,,,,
https://github.com/clohfink/timeseries,,,,,,
https://github.com/clohfink/timeseries,,,,,,
https://github.com/CodingBadgers/Perks,,,,,,
https://github.com/CodingBadgers/Perks,,,,,,
https://github.com/codingnirvana/crawler-commons,,,,,,
https://github.com/codingnirvana/crawler-commons,,,,,,
https://github.com/coolya/subsonic,,,,,,
https://github.com/coolya/subsonic,,,,,,
https://github.com/coolya/subsonic,,,,,,
https://github.com/coolya/subsonic,,,,,,
https://github.com/cordmata/handle-service,,,,,,
https://github.com/cordmata/handle-service,,,,,,
https://github.com/cpesch/RouteConverter,,,,,,
https://github.com/cpesch/RouteConverter,,,,,,
https://github.com/craftercms/core,,,,,,
https://github.com/craftercms/core,,,,,,
https://github.com/craftercms/engine,,,,,,
https://github.com/craftercms/engine,,,,,,
https://github.com/creswick/cjwizard,,,,,,
https://github.com/creswick/cjwizard,,,,,,
https://github.com/crosswire/jsword,,,,,,
https://github.com/crosswire/jsword,,,,,,
https://github.com/crosswire/jsword-migration,,,,,,
https://github.com/crosswire/jsword-migration,,,,,,
https://github.com/CTSIatUCSF/shindigorng,,,,,,
https://github.com/CTSIatUCSF/shindigorng,,,,,,
https://github.com/Cue/hegemon,,,,,,
https://github.com/Cue/hegemon,,,,,,
https://github.com/CyanogenMod/android_external_guava,,,,,,
https://github.com/CyanogenMod/android_external_guava,,,,,,
https://github.com/damoon/jetty-hello-world,,,,,,
https://github.com/damoon/jetty-hello-world,,,,,,
https://github.com/danbrough/java_mega_api,,,,,,
https://github.com/danbrough/java_mega_api,,,,,,
https://github.com/Dani7B/RTwUP,,,,,,
https://github.com/Dani7B/RTwUP,,,,,,
https://github.com/darkmi/rtspserver,,,,,,
https://github.com/darkmi/rtspserver,,,,,,
https://github.com/Data2Semantics/MockupEntityRecognizer,,,,,,
https://github.com/Data2Semantics/MockupEntityRecognizer,,,,,,
https://github.com/davidkarlsen/camel,,,,,,
https://github.com/davidkarlsen/camel,,,,,,
https://github.com/davidkarlsen/camel,,,,,,
https://github.com/davidkarlsen/camel,,,,,,
https://github.com/DBCDK/fcrepo-3.5-patched,,,,,,
https://github.com/DBCDK/fcrepo-3.5-patched,,,,,,
https://github.com/deegree/deegree3,,,,,,
https://github.com/deegree/deegree3,,,,,,
https://github.com/demoiselle/framework,,,,,,
https://github.com/demoiselle/framework,,,,,,
https://github.com/dhanji/sitebricks,,,,,,
https://github.com/dhanji/sitebricks,,,,,,
https://github.com/diego-schivo/samples,,,,,,
https://github.com/diego-schivo/samples,,,,,,
https://github.com/digipost/digipost-api-client-java,,,,,,
https://github.com/digipost/digipost-api-client-java,,,,,,
https://github.com/dima767/inspektr,,,,,,
https://github.com/dima767/inspektr,,,,,,
https://github.com/disy/jSCSI,,,,,,
https://github.com/disy/jSCSI,,,,,,
https://github.com/dkocher/java-openstack-swift,,,,,,
https://github.com/dkocher/java-openstack-swift,,,,,,
https://github.com/dkocher/swift,,,,,,
https://github.com/dkocher/swift,,,,,,
https://github.com/dmlloyd/jboss-logmanager,,,,,,
https://github.com/dmlloyd/jboss-logmanager,,,,,,
https://github.com/dolfdijkstra/ss-crawler,,,,,,
https://github.com/dolfdijkstra/ss-crawler,,,,,,
https://github.com/domdorn/jfastcgi,,,,,,
https://github.com/domdorn/jfastcgi,,,,,,
https://github.com/DominikDary/demoproject-selendroid,,,,,,
https://github.com/DominikDary/demoproject-selendroid,,,,,,
https://github.com/DozerMapper/dozer,,,,,,
https://github.com/DozerMapper/dozer,,,,,,
https://github.com/Easen/subsonic,,,,,,
https://github.com/Easen/subsonic,,,,,,
https://github.com/Easen/subsonic,,,,,,
https://github.com/Easen/subsonic,,,,,,
https://github.com/ebelisle/planets,,,,,,
https://github.com/ebelisle/planets,,,,,,
https://github.com/EBIBioSamples/biosd_ui,,,,,,
https://github.com/EBIBioSamples/biosd_ui,,,,,,
https://github.com/eclipse/egit,,,,,,
https://github.com/eclipse/egit,,,,,,
https://github.com/eclipse/tycho,,,,,,
https://github.com/eclipse/tycho,,,,,,
https://github.com/ecsec/open-ecard,,,,,,
https://github.com/ecsec/open-ecard,,,,,,
https://github.com/edzzy/drongo,,,,,,
https://github.com/edzzy/drongo,,,,,,
https://github.com/ekirkilevics/Magnolia,,,,,,
https://github.com/ekirkilevics/Magnolia,,,,,,
https://github.com/ekirkilevics/Magnolia,,,,,,
https://github.com/ekirkilevics/Magnolia,,,,,,
https://github.com/ekirkilevics/Magnolia,,,,,,
https://github.com/ekirkilevics/Magnolia,,,,,,
https://github.com/eldur/jwbf,,,,,,
https://github.com/eldur/jwbf,,,,,,
https://github.com/emilb/TvSeriesNZB,,,,,,
https://github.com/emilb/TvSeriesNZB,,,,,,
https://github.com/epabst/sonar-plugins,,,,,,
https://github.com/epabst/sonar-plugins,,,,,,
https://github.com/Evervolv/android_external_guava,,,,,,
https://github.com/Evervolv/android_external_guava,,,,,,
https://github.com/fakereplace/fakereplace,,,,,,
https://github.com/fakereplace/fakereplace,,,,,,
https://github.com/fcrepo/fcrepo,,,,,,
https://github.com/fcrepo/fcrepo,,,,,,
https://github.com/fge/pam4j,,,,,,
https://github.com/fge/pam4j,,,,,,
https://github.com/flite/cach3,,,,,,
https://github.com/flite/cach3,,,,,,
https://github.com/FuadEfendi/crawler-commons,,,,,,
https://github.com/FuadEfendi/crawler-commons,,,,,,
https://github.com/futures/fcrepo4,,,,,,
https://github.com/futures/fcrepo4,,,,,,
https://github.com/gabrielruiu/pdfblitz,,,,,,
https://github.com/gabrielruiu/pdfblitz,,,,,,
https://github.com/garysweaver/nerot,,,,,,
https://github.com/garysweaver/nerot,,,,,,
https://github.com/GCX/java-GcxAuthzApi,,,,,,
https://github.com/GCX/java-GcxAuthzApi,,,,,,
https://github.com/georgecao/weibo-java-sdk-v2,,,,,,
https://github.com/georgecao/weibo-java-sdk-v2,,,,,,
https://github.com/ghillert/jrecruiter,,,,,,
https://github.com/ghillert/jrecruiter,,,,,,
https://github.com/grandwazir/BukkitUtilities,,,,,,
https://github.com/grandwazir/BukkitUtilities,,,,,,
https://github.com/Graylog2/graylog2-server,,,,,,
https://github.com/Graylog2/graylog2-server,,,,,,
https://github.com/Graylog2/graylog2-server,,,,,,
https://github.com/Graylog2/graylog2-server,,,,,,
https://github.com/Graylog2/graylog2-server,,,,,,
https://github.com/Graylog2/graylog2-server,,,,,,
https://github.com/greese/dasein-cloud-openstack,,,,,,
https://github.com/greese/dasein-cloud-openstack,,,,,,
https://github.com/griddynamics/jagger,,,,,,
https://github.com/griddynamics/jagger,,,,,,
https://github.com/griddynamics/jagger,,,,,,
https://github.com/griddynamics/jagger,,,,,,
https://github.com/griddynamics/jagger,,,,,,
https://github.com/griddynamics/jagger,,,,,,
https://github.com/groupon/Selenium-Grid-Extras,,,,,,
https://github.com/groupon/Selenium-Grid-Extras,,,,,,
https://github.com/gwinstanley/DBPool,,,,,,
https://github.com/gwinstanley/DBPool,,,,,,
https://github.com/gwt-test-utils/gwt-test-utils,,,,,,
https://github.com/gwt-test-utils/gwt-test-utils,,,,,,
https://github.com/gxa/gxa,,,,,,
https://github.com/gxa/gxa,,,,,,
https://github.com/gxa/gxa,,,,,,
https://github.com/gxa/gxa,,,,,,
https://github.com/ha-jdbc/ha-jdbc,,,,,,
https://github.com/ha-jdbc/ha-jdbc,,,,,,
https://github.com/hakdogan/ApacheShiro,,,,,,
https://github.com/hakdogan/ApacheShiro,,,,,,
https://github.com/HashSplit4J/hashsplit-lib,,,,,,
https://github.com/HashSplit4J/hashsplit-lib,,,,,,
https://github.com/Haus1/guava-libraries,,,,,,
https://github.com/Haus1/guava-libraries,,,,,,
https://github.com/hdiv/hdiv,,,,,,
https://github.com/hdiv/hdiv,,,,,,
https://github.com/heroku/heroku.jar,,,,,,
https://github.com/heroku/heroku.jar,,,,,,
https://github.com/hibernate/hibernate-search,,,,,,
https://github.com/hibernate/hibernate-search,,,,,,
https://github.com/hibernate/hibernate-validator,,,,,,
https://github.com/hibernate/hibernate-validator,,,,,,
https://github.com/holisticon/ticket2rock,,,,,,
https://github.com/holisticon/ticket2rock,,,,,,
https://github.com/hpehl/taoki,,,,,,
https://github.com/hpehl/taoki,,,,,,
https://github.com/hudson/hudson-2.x,,,,,,
https://github.com/hudson/hudson-2.x,,,,,,
https://github.com/hudson/hudson-2.x,,,,,,
https://github.com/hudson/hudson-2.x,,,,,,
https://github.com/hyperic/hqapi,,,,,,
https://github.com/hyperic/hqapi,,,,,,
https://github.com/ieb/sparsemapcontent,,,,,,
https://github.com/ieb/sparsemapcontent,,,,,,
https://github.com/ieb/sparsemapcontent,,,,,,
https://github.com/ieb/sparsemapcontent,,,,,,
https://github.com/ieb/vivo-harvester,,,,,,
https://github.com/ieb/vivo-harvester,,,,,,
https://github.com/infinispan/infinispan,,,,,,
https://github.com/infinispan/infinispan,,,,,,
https://github.com/interstel/superampify-android,,,,,,
https://github.com/interstel/superampify-android,,,,,,
https://github.com/interstel/superampify-android,,,,,,
https://github.com/interstel/superampify-android,,,,,,
https://github.com/ippontech/IpponRecrute,,,,,,
https://github.com/ippontech/IpponRecrute,,,,,,
https://github.com/ippontech/wip,,,,,,
https://github.com/ippontech/wip,,,,,,
https://github.com/ist-dsi/bennu,,,,,,
https://github.com/ist-dsi/bennu,,,,,,
https://github.com/ivukotic/plugins,,,,,,
https://github.com/ivukotic/plugins,,,,,,
https://github.com/jajja/jorm,,,,,,
https://github.com/jajja/jorm,,,,,,
https://github.com/janrain/openid4java,,,,,,
https://github.com/janrain/openid4java,,,,,,
https://github.com/Jasig/CalendarPortlet,,,,,,
https://github.com/Jasig/CalendarPortlet,,,,,,
https://github.com/Jasig/email-preview,,,,,,
https://github.com/Jasig/email-preview,,,,,,
https://github.com/Jasig/java-cas-client,,,,,,
https://github.com/Jasig/java-cas-client,,,,,,
https://github.com/Jasig/sched-assist,,,,,,
https://github.com/Jasig/sched-assist,,,,,,
https://github.com/Jasig/SimpleContentPortlet,,,,,,
https://github.com/Jasig/SimpleContentPortlet,,,,,,
https://github.com/Jasig/WebproxyPortlet,,,,,,
https://github.com/Jasig/WebproxyPortlet,,,,,,
https://github.com/javanna/elasticsearch-river-solr,,,,,,
https://github.com/javanna/elasticsearch-river-solr,,,,,,
https://github.com/jayway/rest-assured,,,,,,
https://github.com/jayway/rest-assured,,,,,,
https://github.com/jboss-logging/jboss-logging-tools,,,,,,
https://github.com/jboss-logging/jboss-logging-tools,,,,,,
https://github.com/jbossinterceptors/jbossinterceptors,,,,,,
https://github.com/jbossinterceptors/jbossinterceptors,,,,,,
https://github.com/jbossorg/elasticsearch-river-jira,,,,,,
https://github.com/jbossorg/elasticsearch-river-jira,,,,,,
https://github.com/jbossorg/elasticsearch-river-sysinfo,,,,,,
https://github.com/jbossorg/elasticsearch-river-sysinfo,,,,,,
https://github.com/jcaddel/maven-s3-wagon,,,,,,
https://github.com/jcaddel/maven-s3-wagon,,,,,,
https://github.com/jclouds/jclouds,,,,,,
https://github.com/jclouds/jclouds,,,,,,
https://github.com/jcodagnone/jiolsucker,,,,,,
https://github.com/jcodagnone/jiolsucker,,,,,,
https://github.com/jdillon/mvnsh,,,,,,
https://github.com/jdillon/mvnsh,,,,,,
https://github.com/jeetemplates/jsf-spring-hibernate,,,,,,
https://github.com/jeetemplates/jsf-spring-hibernate,,,,,,
https://github.com/jenkinsci/coverity-plugin,,,,,,
https://github.com/jenkinsci/coverity-plugin,,,,,,
https://github.com/jenkinsci/plugin-compat-tester,,,,,,
https://github.com/jenkinsci/plugin-compat-tester,,,,,,
https://github.com/jenkinsci/scm-sync-configuration-plugin,,,,,,
https://github.com/jenkinsci/scm-sync-configuration-plugin,,,,,,
https://github.com/jeppetto/jeppetto,,,,,,
https://github.com/jeppetto/jeppetto,,,,,,
https://github.com/jet-cheng/hadoop,,,,,,
https://github.com/jet-cheng/hadoop,,,,,,
https://github.com/jFastCGI/jfastcgi,,,,,,
https://github.com/jFastCGI/jfastcgi,,,,,,
https://github.com/jfclere/mod_cluster,,,,,,
https://github.com/jfclere/mod_cluster,,,,,,
https://github.com/JMaNGOS/JMaNGOS,,,,,,
https://github.com/JMaNGOS/JMaNGOS,,,,,,
https://github.com/jmbe/combine-taglib,,,,,,
https://github.com/jmbe/combine-taglib,,,,,,
https://github.com/jodreports/jodreports-2.x,,,,,,
https://github.com/jodreports/jodreports-2.x,,,,,,
https://github.com/jodreports/jodreports-library,,,,,,
https://github.com/jodreports/jodreports-library,,,,,,
https://github.com/joelittlejohn/jsonschema2pojo22,,,,,,
https://github.com/joelittlejohn/jsonschema2pojo22,,,,,,
https://github.com/john-hill/Synapse-Repository-Services,,,,,,
https://github.com/john-hill/Synapse-Repository-Services,,,,,,
https://github.com/johncarl81/transfuse,,,,,,
https://github.com/johncarl81/transfuse,,,,,,
https://github.com/Jongtae/hibernate-redis,,,,,,
https://github.com/Jongtae/hibernate-redis,,,,,,
https://github.com/joshsh/ripple,,,,,,
https://github.com/joshsh/ripple,,,,,,
https://github.com/jschneider/com.cedarsoft.codegen,,,,,,
https://github.com/jschneider/com.cedarsoft.codegen,,,,,,
https://github.com/jsonld-java/jsonld-java,,,,,,
https://github.com/jsonld-java/jsonld-java,,,,,,
https://github.com/jwfing/zebra,,,,,,
https://github.com/jwfing/zebra,,,,,,
https://github.com/jzhongming/mytools,,,,,,
https://github.com/jzhongming/mytools,,,,,,
https://github.com/kametic/nuun-framework,,,,,,
https://github.com/kametic/nuun-framework,,,,,,
https://github.com/karlmdavis/ksoap2-android,,,,,,
https://github.com/karlmdavis/ksoap2-android,,,,,,
https://github.com/katari/Katari,,,,,,
https://github.com/katari/Katari,,,,,,
https://github.com/KHresearch/subsonic,,,,,,
https://github.com/KHresearch/subsonic,,,,,,
https://github.com/kkckkc/jsourcepad,,,,,,
https://github.com/kkckkc/jsourcepad,,,,,,
https://github.com/klemens/openolat-pa,,,,,,
https://github.com/klemens/openolat-pa,,,,,,
https://github.com/KolonelKustard/discodj,,,,,,
https://github.com/KolonelKustard/discodj,,,,,,
https://github.com/krishnanand/test-libraries-for-java,,,,,,
https://github.com/krishnanand/test-libraries-for-java,,,,,,
https://github.com/kristofa/brave-resteasy-example,,,,,,
https://github.com/kristofa/brave-resteasy-example,,,,,,
https://github.com/ldoud/cxf,,,,,,
https://github.com/ldoud/cxf,,,,,,
https://github.com/LeifWarner/openid4java,,,,,,
https://github.com/LeifWarner/openid4java,,,,,,
https://github.com/lestard/ColorPuzzle,,,,,,
https://github.com/lestard/ColorPuzzle,,,,,,
https://github.com/lowasser/guava-experimental,,,,,,
https://github.com/lowasser/guava-experimental,,,,,,
https://github.com/manhattancollege/up-calendar-portlet,,,,,,
https://github.com/manhattancollege/up-calendar-portlet,,,,,,
https://github.com/marschall/memoryfilesystem,,,,,,
https://github.com/marschall/memoryfilesystem,,,,,,
https://github.com/massigerardi/image-search,,,,,,
https://github.com/massigerardi/image-search,,,,,,
https://github.com/masterthought/cucumber-reporting,,,,,,
https://github.com/masterthought/cucumber-reporting,,,,,,
https://github.com/mbaechler/proxy-servlet,,,,,,
https://github.com/mbaechler/proxy-servlet,,,,,,
https://github.com/mbreese/couchdb4j,,,,,,
https://github.com/mbreese/couchdb4j,,,,,,
https://github.com/mcaprari/botto,,,,,,
https://github.com/mcaprari/botto,,,,,,
https://github.com/mcs/Stripes,,,,,,
https://github.com/mcs/Stripes,,,,,,
https://github.com/mcs/Stripes,,,,,,
https://github.com/mcs/Stripes,,,,,,
https://github.com/mdoninger/egit,,,,,,
https://github.com/mdoninger/egit,,,,,,
https://github.com/MegafonWebLab/histone-java,,,,,,
https://github.com/MegafonWebLab/histone-java,,,,,,
https://github.com/MehrCurry/jweather,,,,,,
https://github.com/MehrCurry/jweather,,,,,,
https://github.com/metawidget/metawidget,,,,,,
https://github.com/metawidget/metawidget,,,,,,
https://github.com/mifos/head,,,,,,
https://github.com/mifos/head,,,,,,
https://github.com/migtavares/owmClient,,,,,,
https://github.com/migtavares/owmClient,,,,,,
https://github.com/mindwind/craft-atom,,,,,,
https://github.com/mindwind/craft-atom,,,,,,
https://github.com/MinimaJack/JMANGOS,,,,,,
https://github.com/MinimaJack/JMANGOS,,,,,,
https://github.com/mitreid-connect/OpenID-Connect-Java-Spring-Server,,,,,,
https://github.com/mitreid-connect/OpenID-Connect-Java-Spring-Server,,,,,,
https://github.com/mlk/magic-procedures,,,,,,
https://github.com/mlk/magic-procedures,,,,,,
https://github.com/modcluster/mod_cluster,,,,,,
https://github.com/modcluster/mod_cluster,,,,,,
https://github.com/mstepan/incubator,,,,,,
https://github.com/mstepan/incubator,,,,,,
https://github.com/mulesoft/freshbooks-connector,,,,,,
https://github.com/mulesoft/freshbooks-connector,,,,,,
https://github.com/mulesoft/mule-common,,,,,,
https://github.com/mulesoft/mule-common,,,,,,
https://github.com/mycellar/mycellar,,,,,,
https://github.com/mycellar/mycellar,,,,,,
https://github.com/mycila/guice,,,,,,
https://github.com/mycila/guice,,,,,,
https://github.com/NationalStudentClearinghouse/Meteor4,,,,,,
https://github.com/NationalStudentClearinghouse/Meteor4,,,,,,
https://github.com/nblair/sometime,,,,,,
https://github.com/nblair/sometime,,,,,,
https://github.com/Netflix/feign,,,,,,
https://github.com/Netflix/feign,,,,,,
https://github.com/Norconex/collectors,,,,,,
https://github.com/Norconex/collectors,,,,,,
https://github.com/Norconex/commons,,,,,,
https://github.com/Norconex/commons,,,,,,
https://github.com/normanmaurer/camel-smtp,,,,,,
https://github.com/normanmaurer/camel-smtp,,,,,,
https://github.com/nuodb/migration-tools,,,,,,
https://github.com/nuodb/migration-tools,,,,,,
https://github.com/nuvolabase/orientdb,,,,,,
https://github.com/nuvolabase/orientdb,,,,,,
https://github.com/nuvolabase/orientdb,,,,,,
https://github.com/nuvolabase/orientdb,,,,,,
https://github.com/obiba/opal,,,,,,
https://github.com/obiba/opal,,,,,,
https://github.com/oglimmer/yatdg,,,,,,
https://github.com/oglimmer/yatdg,,,,,,
https://github.com/ok2c/lightmtp,,,,,,
https://github.com/ok2c/lightmtp,,,,,,
https://github.com/oli-d/nova,,,,,,
https://github.com/oli-d/nova,,,,,,
https://github.com/olivergondza/jenkins-config-cloner,,,,,,
https://github.com/olivergondza/jenkins-config-cloner,,,,,,
https://github.com/oliverlietz/spring-db4o,,,,,,
https://github.com/oliverlietz/spring-db4o,,,,,,
https://github.com/Omertron/api-rottentomatoes,,,,,,
https://github.com/Omertron/api-rottentomatoes,,,,,,
https://github.com/Omertron/api-themoviedb,,,,,,
https://github.com/Omertron/api-themoviedb,,,,,,
https://github.com/Omertron/api-thetvdb,,,,,,
https://github.com/Omertron/api-thetvdb,,,,,,
https://github.com/OpenConext/OpenConext-teams,,,,,,
https://github.com/OpenConext/OpenConext-teams,,,,,,
https://github.com/OpenNMS/opennms,,,,,,
https://github.com/OpenNMS/opennms,,,,,,
https://github.com/ops4j/org.ops4j.pax.web,,,,,,
https://github.com/ops4j/org.ops4j.pax.web,,,,,,
https://github.com/orapouso/easyj-http,,,,,,
https://github.com/orapouso/easyj-http,,,,,,
https://github.com/orapouso/easyj-orm,,,,,,
https://github.com/orapouso/easyj-orm,,,,,,
https://github.com/orapouso/easyj-rest,,,,,,
https://github.com/orapouso/easyj-rest,,,,,,
https://github.com/orientechnologies/orientdb,,,,,,
https://github.com/orientechnologies/orientdb,,,,,,
https://github.com/orientechnologies/orientdb,,,,,,
https://github.com/orientechnologies/orientdb,,,,,,
https://github.com/owlike/genson,,,,,,
https://github.com/owlike/genson,,,,,,
https://github.com/pakerfeldt/jowfsclient,,,,,,
https://github.com/pakerfeldt/jowfsclient,,,,,,
https://github.com/papegaaij/wiquery,,,,,,
https://github.com/papegaaij/wiquery,,,,,,
https://github.com/papyri/navigator,,,,,,
https://github.com/papyri/navigator,,,,,,
https://github.com/pedrosan7os/bennu,,,,,,
https://github.com/pedrosan7os/bennu,,,,,,
https://github.com/pentaho/big-data-plugin,,,,,,
https://github.com/pentaho/big-data-plugin,,,,,,
https://github.com/pentaho/marketplace,,,,,,
https://github.com/pentaho/marketplace,,,,,,
https://github.com/pentaho/pentaho-metadata,,,,,,
https://github.com/pentaho/pentaho-metadata,,,,,,
https://github.com/pentaho/pentaho-platform,,,,,,
https://github.com/pentaho/pentaho-platform,,,,,,
https://github.com/performant-software/juxta-service,,,,,,
https://github.com/performant-software/juxta-service,,,,,,
https://github.com/peternixon/opennms-mirror,,,,,,
https://github.com/peternixon/opennms-mirror,,,,,,
https://github.com/pkernevez/JMonitoring,,,,,,
https://github.com/pkernevez/JMonitoring,,,,,,
https://github.com/platformlayer/platformlayer,,,,,,
https://github.com/platformlayer/platformlayer,,,,,,
https://github.com/plutext/docx4j,,,,,,
https://github.com/plutext/docx4j,,,,,,
https://github.com/plutext/docx4j,,,,,,
https://github.com/plutext/docx4j,,,,,,
https://github.com/pluto-atom-4/testng,,,,,,
https://github.com/pluto-atom-4/testng,,,,,,
https://github.com/preetigupta2000/openrtb-hg,,,,,,
https://github.com/preetigupta2000/openrtb-hg,,,,,,
https://github.com/proofpoint/event-collector,,,,,,
https://github.com/proofpoint/event-collector,,,,,,
https://github.com/PurityROM/platform_external_guava,,,,,,
https://github.com/PurityROM/platform_external_guava,,,,,,
https://github.com/pveentjer/Hazelblast,,,,,,
https://github.com/pveentjer/Hazelblast,,,,,,
https://github.com/qos-ch/logback,,,,,,
https://github.com/qos-ch/logback,,,,,,
https://github.com/reevoo/reevoomark-java-api,,,,,,
https://github.com/reevoo/reevoomark-java-api,,,,,,
https://github.com/rest-driver/rest-driver,,,,,,
https://github.com/rest-driver/rest-driver,,,,,,
https://github.com/rest-driver/rest-driver,,,,,,
https://github.com/rest-driver/rest-driver,,,,,,
https://github.com/ribeirux/jalphanode,,,,,,
https://github.com/ribeirux/jalphanode,,,,,,
https://github.com/rickyclarkson/katari,,,,,,
https://github.com/rickyclarkson/katari,,,,,,
https://github.com/RIPE-NCC/rpki-commons,,,,,,
https://github.com/RIPE-NCC/rpki-commons,,,,,,
https://github.com/roboguice/roboguice,,,,,,
https://github.com/roboguice/roboguice,,,,,,
https://github.com/rockagen/commons-lib,,,,,,
https://github.com/rockagen/commons-lib,,,,,,
https://github.com/roskens/opennms,,,,,,
https://github.com/roskens/opennms,,,,,,
https://github.com/rpslpereira/biosd_ui,,,,,,
https://github.com/rpslpereira/biosd_ui,,,,,,
https://github.com/Sage-Bionetworks/Synapse-Repository-Services,,,,,,
https://github.com/Sage-Bionetworks/Synapse-Repository-Services,,,,,,
https://github.com/sandrasi/java-google-geocoder,,,,,,
https://github.com/sandrasi/java-google-geocoder,,,,,,
https://github.com/sanity/quickdt,,,,,,
https://github.com/sanity/quickdt,,,,,,
https://github.com/saucelabs/saucerest-java,,,,,,
https://github.com/saucelabs/saucerest-java,,,,,,
https://github.com/scandilabs/scandilabs-apps,,,,,,
https://github.com/scandilabs/scandilabs-apps,,,,,,
https://github.com/scobal/seyren,,,,,,
https://github.com/scobal/seyren,,,,,,
https://github.com/searchbox-io/Jest,,,,,,
https://github.com/searchbox-io/Jest,,,,,,
https://github.com/semantico/spring-security-oauth,,,,,,
https://github.com/semantico/spring-security-oauth,,,,,,
https://github.com/sepatel/inigma-shared,,,,,,
https://github.com/sepatel/inigma-shared,,,,,,
https://github.com/shilad/wikAPIdia,,,,,,
https://github.com/shilad/wikAPIdia,,,,,,
https://github.com/skodanga/crawler-commons,,,,,,
https://github.com/skodanga/crawler-commons,,,,,,
https://github.com/slcs/org.glite.slcs.common,,,,,,
https://github.com/slcs/org.glite.slcs.common,,,,,,
https://github.com/SonarCommunity/sonar-build-stability,,,,,,
https://github.com/SonarCommunity/sonar-build-stability,,,,,,
https://github.com/sonarme/crawler-commons,,,,,,
https://github.com/sonarme/crawler-commons,,,,,,
https://github.com/spring/SpringLS,,,,,,
https://github.com/spring/SpringLS,,,,,,
https://github.com/SpringSource/spring-batch-admin,,,,,,
https://github.com/SpringSource/spring-batch-admin,,,,,,
https://github.com/SpringSource/spring-plugin,,,,,,
https://github.com/SpringSource/spring-plugin,,,,,,
https://github.com/SpringSource/spring-security-oauth,,,,,,
https://github.com/SpringSource/spring-security-oauth,,,,,,
https://github.com/spullara/jtidy,,,,,,
https://github.com/spullara/jtidy,,,,,,
https://github.com/ssledz/gw-ide,,,,,,
https://github.com/ssledz/gw-ide,,,,,,
https://github.com/staccatocommons/staccatissimo,,,,,,
https://github.com/staccatocommons/staccatissimo,,,,,,
https://github.com/statsbiblioteket/doms-update-tracker,,,,,,
https://github.com/statsbiblioteket/doms-update-tracker,,,,,,
https://github.com/statsbiblioteket/workflowstatemonitor,,,,,,
https://github.com/statsbiblioteket/workflowstatemonitor,,,,,,
https://github.com/steeleforge/ironsites,,,,,,
https://github.com/steeleforge/ironsites,,,,,,
https://github.com/stefanhendriks/dune2themaker4j,,,,,,
https://github.com/stefanhendriks/dune2themaker4j,,,,,,
https://github.com/StripesFramework/stripes,,,,,,
https://github.com/StripesFramework/stripes,,,,,,
https://github.com/StripesFramework/stripes,,,,,,
https://github.com/StripesFramework/stripes,,,,,,
https://github.com/structr/structr,,,,,,
https://github.com/structr/structr,,,,,,
https://github.com/structr/structr,,,,,,
https://github.com/structr/structr,,,,,,
https://github.com/svn2github/openid4java,,,,,,
https://github.com/svn2github/openid4java,,,,,,
https://github.com/svn2github/stripesframework,,,,,,
https://github.com/svn2github/stripesframework,,,,,,
https://github.com/svn2github/stripesframework,,,,,,
https://github.com/svn2github/stripesframework,,,,,,
https://github.com/synyx/hades,,,,,,
https://github.com/synyx/hades,,,,,,
https://github.com/synyx/hera,,,,,,
https://github.com/synyx/hera,,,,,,
https://github.com/tackley/dbdeploy,,,,,,
https://github.com/tackley/dbdeploy,,,,,,
https://github.com/TeamNyx/external_guava,,,,,,
https://github.com/TeamNyx/external_guava,,,,,,
https://github.com/tedeling/ehour,,,,,,
https://github.com/tedeling/ehour,,,,,,
https://github.com/tedeling/ehour,,,,,,
https://github.com/tedeling/ehour,,,,,,
https://github.com/tedeling/ehour,,,,,,
https://github.com/tedeling/ehour,,,,,,
https://github.com/tedeling/ehour,,,,,,
https://github.com/tedeling/ehour,,,,,,
https://github.com/tedeling/ehour,,,,,,
https://github.com/tedeling/ehour,,,,,,
https://github.com/tedeling/ehour,,,,,,
https://github.com/tedeling/ehour,,,,,,
https://github.com/tedeling/ehour,,,,,,
https://github.com/tedeling/ehour,,,,,,
https://github.com/tedeling/ehour,,,,,,
https://github.com/tedeling/ehour,,,,,,
https://github.com/tedeling/ehour,,,,,,
https://github.com/tedeling/ehour,,,,,,
https://github.com/tedeling/ehour,,,,,,
https://github.com/tedeling/ehour,,,,,,
https://github.com/Terradue/dsi-tools,,,,,,
https://github.com/Terradue/dsi-tools,,,,,,
https://github.com/thiloplanz/v7files,,,,,,
https://github.com/thiloplanz/v7files,,,,,,
https://github.com/timmattison/brick-rope,,,,,,
https://github.com/timmattison/brick-rope,,,,,,
https://github.com/tinkerpop/rexster,,,,,,
https://github.com/tinkerpop/rexster,,,,,,
https://github.com/toby941/SourceCode,,,,,,
https://github.com/toby941/SourceCode,,,,,,
https://github.com/tropo/tropo-webapi-java,,,,,,
https://github.com/tropo/tropo-webapi-java,,,,,,
https://github.com/tupilabs/tap4j,,,,,,
https://github.com/tupilabs/tap4j,,,,,,
https://github.com/uded/jggapi,,,,,,
https://github.com/uded/jggapi,,,,,,
https://github.com/uded/jggapi,,,,,,
https://github.com/uded/jggapi,,,,,,
https://github.com/uDig/udig-platform,,,,,,
https://github.com/uDig/udig-platform,,,,,,
https://github.com/UNC-Libraries/Carolina-Digital-Repository,,,,,,
https://github.com/UNC-Libraries/Carolina-Digital-Repository,,,,,,
https://github.com/uq-eresearch/oztrack,,,,,,
https://github.com/uq-eresearch/oztrack,,,,,,
https://github.com/urieli/jochre,,,,,,
https://github.com/urieli/jochre,,,,,,
https://github.com/urieli/talismane,,,,,,
https://github.com/urieli/talismane,,,,,,
https://github.com/vbehar/jenkins-rundeck-plugin,,,,,,
https://github.com/vbehar/jenkins-rundeck-plugin,,,,,,
https://github.com/vidageek/crawler,,,,,,
https://github.com/vidageek/crawler,,,,,,
https://github.com/vitamon/Java_Spring_Mongo,,,,,,
https://github.com/vitamon/Java_Spring_Mongo,,,,,,
https://github.com/vivo-project/Vitro,,,,,,
https://github.com/vivo-project/Vitro,,,,,,
https://github.com/vivo-project/VIVO-Harvester,,,,,,
https://github.com/vivo-project/VIVO-Harvester,,,,,,
https://github.com/vivosys/maven-enforcer-plugin,,,,,,
https://github.com/vivosys/maven-enforcer-plugin,,,,,,
https://github.com/vmi/selenese-runner-java,,,,,,
https://github.com/vmi/selenese-runner-java,,,,,,
https://github.com/wcpolicarpio/camel,,,,,,
https://github.com/wcpolicarpio/camel,,,,,,
https://github.com/whizu/whizu.java,,,,,,
https://github.com/whizu/whizu.java,,,,,,
https://github.com/wicketstuff/core,,,,,,
https://github.com/wicketstuff/core,,,,,,
https://github.com/wicketstuff/sandbox,,,,,,
https://github.com/wicketstuff/sandbox,,,,,,
https://github.com/WiQuery/wiquery,,,,,,
https://github.com/WiQuery/wiquery,,,,,,
https://github.com/wisebed/rest-ws,,,,,,
https://github.com/wisebed/rest-ws,,,,,,
https://github.com/workhabitinc/dandy,,,,,,
https://github.com/workhabitinc/dandy,,,,,,
https://github.com/wylyeak/gjjx-book-car,,,,,,
https://github.com/wylyeak/gjjx-book-car,,,,,,
https://github.com/yakaz/elasticsearch-analysis-combo,,,,,,
https://github.com/yakaz/elasticsearch-analysis-combo,,,,,,
https://github.com/ybonnel/CodeStory,,,,,,
https://github.com/ybonnel/CodeStory,,,,,,
https://github.com/ybonnel/CodeStory,,,,,,
https://github.com/ybonnel/CodeStory,,,,,,
https://github.com/ytfei/guava,,,,,,
https://github.com/ytfei/guava,,,,,,
https://github.com/zaletniy/gwt-testtask,,,,,,
https://github.com/zaletniy/gwt-testtask,,,,,,
https://github.com/zauberlabs/commons,,,,,,
https://github.com/zauberlabs/commons,,,,,,
https://github.com/zauberlabs/commons,,,,,,
https://github.com/zauberlabs/commons,,,,,,
https://github.com/zauberlabs/commons,,,,,,
https://github.com/zauberlabs/commons,,,,,,
https://github.com/zauberlabs/commons,,,,,,
https://github.com/zauberlabs/commons,,,,,,